{
    "counter": {
        "ACTIVE": 15808,
        "INACTIVE": 5192,
        "INVALID": 0,
        "MALICIOUS": 0,
        "SANE": 0,
        "VALID": 0,
        "total": 21000
    },
    "percentage": {
        "ACTIVE": 75.27619047619048,
        "INACTIVE": 24.74266107510484,
        "INVALID": 0,
        "MALICIOUS": 0,
        "SANE": 0,
        "VALID": 0,
        "total": 100.01885155129531
    }
}