{
    "counter": {
        "ACTIVE": 16377,
        "INACTIVE": 4623,
        "INVALID": 0,
        "MALICIOUS": 0,
        "SANE": 0,
        "VALID": 0,
        "total": 21000
    },
    "percentage": {
        "ACTIVE": 77.98571428571428,
        "INACTIVE": 22.031071292413266,
        "INVALID": 0,
        "MALICIOUS": 0,
        "SANE": 0,
        "VALID": 0,
        "total": 100.01678557812755
    }
}