{
    "counter": {
        "ACTIVE": 16096,
        "INACTIVE": 4904,
        "INVALID": 0,
        "MALICIOUS": 0,
        "SANE": 0,
        "VALID": 0,
        "total": 21000
    },
    "percentage": {
        "ACTIVE": 76.64761904761905,
        "INACTIVE": 23.37018680899733,
        "INVALID": 0,
        "MALICIOUS": 0,
        "SANE": 0,
        "VALID": 0,
        "total": 100.01780585661638
    }
}