{
    "counter": {
        "ACTIVE": 15624,
        "INACTIVE": 5376,
        "INVALID": 0,
        "MALICIOUS": 0,
        "SANE": 0,
        "VALID": 0,
        "total": 21000
    },
    "percentage": {
        "ACTIVE": 74.4,
        "INACTIVE": 25.619519634006863,
        "INVALID": 0,
        "MALICIOUS": 0,
        "SANE": 0,
        "VALID": 0,
        "total": 100.01951963400687
    }
}