{
    "counter": {
        "ACTIVE": 15745,
        "INACTIVE": 5255,
        "INVALID": 0,
        "MALICIOUS": 0,
        "SANE": 0,
        "VALID": 0,
        "total": 21000
    },
    "percentage": {
        "ACTIVE": 74.97619047619048,
        "INACTIVE": 25.04288982081586,
        "INVALID": 0,
        "MALICIOUS": 0,
        "SANE": 0,
        "VALID": 0,
        "total": 100.01908029700634
    }
}