{
    "counter": {
        "ACTIVE": 15254,
        "INACTIVE": 5746,
        "INVALID": 0,
        "MALICIOUS": 0,
        "SANE": 0,
        "VALID": 0,
        "total": 21000
    },
    "percentage": {
        "ACTIVE": 72.63809523809523,
        "INACTIVE": 27.37233231707317,
        "INVALID": 0,
        "MALICIOUS": 0,
        "SANE": 0,
        "VALID": 0,
        "total": 100.0104275551684
    }
}