{
    "counter": {
        "ACTIVE": 15906,
        "INACTIVE": 5094,
        "INVALID": 0,
        "MALICIOUS": 0,
        "SANE": 0,
        "VALID": 0,
        "total": 21000
    },
    "percentage": {
        "ACTIVE": 75.74285714285715,
        "INACTIVE": 24.27563858177659,
        "INVALID": 0,
        "MALICIOUS": 0,
        "SANE": 0,
        "VALID": 0,
        "total": 100.01849572463374
    }
}