{
    "counter": {
        "ACTIVE": 16167,
        "INACTIVE": 4833,
        "INVALID": 0,
        "MALICIOUS": 0,
        "SANE": 0,
        "VALID": 0,
        "total": 21000
    },
    "percentage": {
        "ACTIVE": 76.98571428571428,
        "INACTIVE": 23.03183377811666,
        "INVALID": 0,
        "MALICIOUS": 0,
        "SANE": 0,
        "VALID": 0,
        "total": 100.01754806383094
    }
}